{"baseline": 4.844186764000369, "close_0": 4.844196445999842, "open_0": 7.722203123999861, "close_1": 10.425254275000043, "open_1": 13.301434359000268, "close_2": 16.027094232999843, "open_2": 18.906311669999923}