{"baseline": 4.817927051999504, "close_0": 4.8179302099997585, "open_0": 7.665766256000097, "close_1": 10.390438388999428, "open_1": 13.27706962100001, "close_2": 16.010293321000063, "open_2": 18.89229281600001}