{"baseline": 4.843466591999459, "close_0": 4.843477188999714, "open_0": 7.719988058999661, "close_1": 10.423181325999394, "open_1": 13.300141471999268, "close_2": 16.029138121999495, "open_2": 18.86955972299984}