{"baseline": 4.815249967999989, "close_0": 4.815264697001112, "open_0": 7.695473577001394, "close_1": 10.421523588000127, "open_1": 13.276665222001611, "close_2": 15.981178088000888, "open_2": 18.81829147999997}