{"baseline": 4.824377257999913, "close_0": 4.8243913860005705, "open_0": 7.703555306000453, "close_1": 10.428618185000232, "open_1": 13.312257188999865, "close_2": 16.02964968500055, "open_2": 18.883180599999832}