{"baseline": 4.806689129999995, "close_0": 4.806703112000378, "open_0": 7.692104338000263, "close_1": 10.393616278000081, "open_1": 13.272352451000188, "close_2": 15.964939187000255, "open_2": 18.83877286300003}