{"baseline": 4.843783910000184, "close_0": 4.8437877040000785, "open_0": 7.687186100999952, "close_1": 10.411081797999941, "open_1": 13.247115513000153, "close_2": 15.970793535000212, "open_2": 18.823558155000228}