{"baseline": 4.808427359999769, "close_0": 4.808433240999875, "open_0": 7.655630440000095, "close_1": 10.3845400350001, "open_1": 13.226618742000028, "close_2": 15.92762928000002, "open_2": 18.77028898699973}