{"baseline": 4.792040722000365, "close_0": 4.792044222000186, "open_0": 7.651244150000366, "close_1": 10.352807057000064, "open_1": 13.210025457000029, "close_2": 15.932650195000406, "open_2": 18.78707165600008}