{"baseline": 4.818524317999618, "close_0": 4.818541566000022, "open_0": 7.695887107999624, "close_1": 10.397524916999828, "open_1": 13.2518336549997, "close_2": 15.953281012999923, "open_2": 18.828379692}