{"baseline": 4.803618981, "close_0": 4.803632111999832, "open_0": 7.680368320999605, "close_1": 10.391401841999595, "open_1": 13.24281816299981, "close_2": 15.975522079999791, "open_2": 18.824239020999812}