{"baseline": 4.798068568999952, "close_0": 4.798081499000091, "open_0": 7.676920525999776, "close_1": 10.382414554999741, "open_1": 13.23880402299983, "close_2": 15.941798115999973, "open_2": 18.797062048000043}