{"baseline": 4.815509383000062, "close_0": 4.8155211360003705, "open_0": 7.692005250999955, "close_1": 10.39579263700034, "open_1": 13.239576989999932, "close_2": 15.955855157000315, "open_2": 18.833857308999995}