{"baseline": 4.83307147000005, "close_0": 4.833083681000062, "open_0": 7.71103128499999, "close_1": 10.437989872999879, "open_1": 13.28419740399977, "close_2": 15.970550157999696, "open_2": 18.806381970000075}