{"baseline": 4.843464008999945, "close_0": 4.843478361000052, "open_0": 7.723820948000139, "close_1": 10.45118581700035, "open_1": 13.338196571000026, "close_2": 16.045010287999958, "open_2": 18.920753586000046}