{"baseline": 4.815874385999905, "close_0": 4.815884539999843, "open_0": 7.697139280000101, "close_1": 10.422284466999827, "open_1": 13.273027649999676, "close_2": 15.999542996999935, "open_2": 18.84915410399981}