{"baseline": 4.788118936000046, "close_0": 4.788129595999635, "open_0": 7.667500098999881, "close_1": 10.393341502999647, "open_1": 13.251400414999807, "close_2": 15.964469450999786, "open_2": 18.82037619899984}