{"baseline": 4.818118246999802, "close_0": 4.818128185000205, "open_0": 7.694608347000212, "close_1": 10.410539170999982, "open_1": 13.284921290000057, "close_2": 16.01084889699996, "open_2": 18.888210392000474}