{"baseline": 4.814942113000143, "close_0": 4.814955013000144, "open_0": 7.694325471999946, "close_1": 10.397728502000064, "open_1": 13.231277767999927, "close_2": 15.928764090000186, "open_2": 18.78820254099992}