{"baseline": 4.839601762000257, "close_0": 4.839614655999867, "open_0": 7.714858933999949, "close_1": 10.414187778000269, "open_1": 13.288030601000173, "close_2": 15.99942028500027, "open_2": 18.87834321399987}