{"baseline": 4.790487229000064, "close_0": 4.790500363000092, "open_0": 7.66632646000005, "close_1": 10.366123779000077, "open_1": 13.240918956000087, "close_2": 15.972234751000087, "open_2": 18.82301041400001}