{"baseline": 4.808199894000154, "close_0": 4.808215845000177, "open_0": 7.6937409570000455, "close_1": 10.427295533999995, "open_1": 13.273057055000208, "close_2": 15.98851400600006, "open_2": 18.854395100000147}