{"baseline": 4.791850022000062, "close_0": 4.791865889000064, "open_0": 7.659827246000077, "close_1": 10.351688796999952, "open_1": 13.228213177000043, "close_2": 15.958626203999984, "open_2": 18.81308411300006}