{"baseline": 4.809696123000094, "close_0": 4.809710015000064, "open_0": 7.682861786000103, "close_1": 10.414107639000008, "open_1": 13.257564860000002, "close_2": 15.963608424000086, "open_2": 18.814393352000025}