{"baseline": 4.7893757039998945, "close_0": 4.789386974000081, "open_0": 7.65589212000009, "close_1": 10.358332572000108, "open_1": 13.200389193000092, "close_2": 15.903781849000097, "open_2": 18.741618351999932}